{
  "project_info": {
    "project_number": "989178627559",
    "project_id": "rws1-d5d03",
    "storage_bucket": "rws1-d5d03.appspot.com"
  },
  "client": [
    {
      "client_info": {
        "mobilesdk_app_id": "1:989178627559:android:ac39c3397dc6319e4da942",
        "android_client_info": {
          "package_name": "com.example.youtube2"
        }
      },
      "oauth_client": [
        {
          "client_id": "989178627559-4a4q2ka3shghandiu44l6ad091iuuuab.apps.googleusercontent.com",
          "client_type": 1,
          "android_info": {
            "package_name": "com.example.youtube2",
            "certificate_hash": "c8619c9ead0316f9c8e3ce600d656fc1f00cb89c"
          }
        },
        {
          "client_id": "989178627559-dh3h67fsuss2omvjd82fk394l7h5t1sd.apps.googleusercontent.com",
          "client_type": 3
        }
      ],
      "api_key": [
        {
          "current_key": "AIzaSyCfLwU_0Mi7spWAmbpJpaSTU-HfQA9o2PU"
        }
      ],
      "services": {
        "appinvite_service": {
          "other_platform_oauth_client": [
            {
              "client_id": "989178627559-dh3h67fsuss2omvjd82fk394l7h5t1sd.apps.googleusercontent.com",
              "client_type": 3
            },
            {
              "client_id": "989178627559-3mldrbcks9dtb42g88klkd66mbefrp0a.apps.googleusercontent.com",
              "client_type": 2,
              "ios_info": {
                "bundle_id": "com.example.youtube2"
              }
            }
          ]
        }
      }
    }
  ],
  "configuration_version": "1"
}